run,model,seed,phase,step,rank,frequency_a,frequency_b,power_fraction,on_modular_diagonal
mlp_p31_f35_wd0.3_seed10,mlp,10,memorization,1500,1,-15,0,0.007934489287436008,False
mlp_p31_f35_wd0.3_seed10,mlp,10,memorization,1500,2,15,0,0.007934489287436008,False
mlp_p31_f35_wd0.3_seed10,mlp,10,memorization,1500,3,-4,0,0.007419702131301165,False
mlp_p31_f35_wd0.3_seed10,mlp,10,memorization,1500,4,4,0,0.007419702131301165,False
mlp_p31_f35_wd0.3_seed10,mlp,10,memorization,1500,5,-1,0,0.007079648785293102,False
mlp_p31_f35_wd0.3_seed10,mlp,10,memorization,1500,6,1,0,0.007079648785293102,False
mlp_p31_f35_wd0.3_seed10,mlp,10,memorization,1500,7,-3,0,0.007048020604997873,False
mlp_p31_f35_wd0.3_seed10,mlp,10,memorization,1500,8,3,0,0.007048020604997873,False
mlp_p31_f35_wd0.3_seed10,mlp,10,memorization,1500,9,0,-15,0.006801598705351353,False
mlp_p31_f35_wd0.3_seed10,mlp,10,memorization,1500,10,0,15,0.006801598705351353,False
mlp_p31_f35_wd0.3_seed10,mlp,10,memorization,1500,11,-6,0,0.0063322074711322784,False
mlp_p31_f35_wd0.3_seed10,mlp,10,memorization,1500,12,6,0,0.0063322074711322784,False
mlp_p31_f35_wd0.3_seed10,mlp,10,final,15000,1,-4,-4,0.02343856915831566,True
mlp_p31_f35_wd0.3_seed10,mlp,10,final,15000,2,4,4,0.02343856915831566,True
mlp_p31_f35_wd0.3_seed10,mlp,10,final,15000,3,-7,-7,0.01929289661347866,True
mlp_p31_f35_wd0.3_seed10,mlp,10,final,15000,4,7,7,0.01929289661347866,True
mlp_p31_f35_wd0.3_seed10,mlp,10,final,15000,5,-15,-15,0.018423333764076233,True
mlp_p31_f35_wd0.3_seed10,mlp,10,final,15000,6,15,15,0.018423333764076233,True
mlp_p31_f35_wd0.3_seed10,mlp,10,final,15000,7,-13,-13,0.01839977316558361,True
mlp_p31_f35_wd0.3_seed10,mlp,10,final,15000,8,13,13,0.01839977316558361,True
mlp_p31_f35_wd0.3_seed10,mlp,10,final,15000,9,-1,-1,0.017740018665790558,True
mlp_p31_f35_wd0.3_seed10,mlp,10,final,15000,10,1,1,0.017740018665790558,True
mlp_p31_f35_wd0.3_seed10,mlp,10,final,15000,11,-11,-11,0.01767827570438385,True
mlp_p31_f35_wd0.3_seed10,mlp,10,final,15000,12,11,11,0.01767827570438385,True
mlp_p31_f35_wd0.3_seed11,mlp,11,memorization,1600,1,-8,0,0.00893561914563179,False
mlp_p31_f35_wd0.3_seed11,mlp,11,memorization,1600,2,8,0,0.00893561914563179,False
mlp_p31_f35_wd0.3_seed11,mlp,11,memorization,1600,3,0,-11,0.0072638229466974735,False
mlp_p31_f35_wd0.3_seed11,mlp,11,memorization,1600,4,0,11,0.0072638229466974735,False
mlp_p31_f35_wd0.3_seed11,mlp,11,memorization,1600,5,0,-7,0.006979384925216436,False
mlp_p31_f35_wd0.3_seed11,mlp,11,memorization,1600,6,0,7,0.006979384925216436,False
mlp_p31_f35_wd0.3_seed11,mlp,11,memorization,1600,7,0,-9,0.00674044294282794,False
mlp_p31_f35_wd0.3_seed11,mlp,11,memorization,1600,8,0,9,0.00674044294282794,False
mlp_p31_f35_wd0.3_seed11,mlp,11,memorization,1600,9,-6,0,0.006633601617068052,False
mlp_p31_f35_wd0.3_seed11,mlp,11,memorization,1600,10,6,0,0.006633601617068052,False
mlp_p31_f35_wd0.3_seed11,mlp,11,memorization,1600,11,-5,0,0.006311157718300819,False
mlp_p31_f35_wd0.3_seed11,mlp,11,memorization,1600,12,5,0,0.006311157718300819,False
mlp_p31_f35_wd0.3_seed11,mlp,11,final,15000,1,-9,-9,0.026111725717782974,True
mlp_p31_f35_wd0.3_seed11,mlp,11,final,15000,2,9,9,0.026111725717782974,True
mlp_p31_f35_wd0.3_seed11,mlp,11,final,15000,3,-13,-13,0.02458929643034935,True
mlp_p31_f35_wd0.3_seed11,mlp,11,final,15000,4,13,13,0.02458929643034935,True
mlp_p31_f35_wd0.3_seed11,mlp,11,final,15000,5,-1,-1,0.022847816348075867,True
mlp_p31_f35_wd0.3_seed11,mlp,11,final,15000,6,1,1,0.022847814485430717,True
mlp_p31_f35_wd0.3_seed11,mlp,11,final,15000,7,-3,-3,0.02009163796901703,True
mlp_p31_f35_wd0.3_seed11,mlp,11,final,15000,8,3,3,0.02009163796901703,True
mlp_p31_f35_wd0.3_seed11,mlp,11,final,15000,9,-8,-8,0.018642986193299294,True
mlp_p31_f35_wd0.3_seed11,mlp,11,final,15000,10,8,8,0.018642986193299294,True
mlp_p31_f35_wd0.3_seed11,mlp,11,final,15000,11,-4,-4,0.018463576212525368,True
mlp_p31_f35_wd0.3_seed11,mlp,11,final,15000,12,4,4,0.018463576212525368,True
mlp_p31_f35_wd0.3_seed12,mlp,12,memorization,1500,1,0,-2,0.006818419322371483,False
mlp_p31_f35_wd0.3_seed12,mlp,12,memorization,1500,2,0,2,0.006818419322371483,False
mlp_p31_f35_wd0.3_seed12,mlp,12,memorization,1500,3,-14,0,0.006678151432424784,False
mlp_p31_f35_wd0.3_seed12,mlp,12,memorization,1500,4,14,0,0.006678151432424784,False
mlp_p31_f35_wd0.3_seed12,mlp,12,memorization,1500,5,-9,0,0.006558684632182121,False
mlp_p31_f35_wd0.3_seed12,mlp,12,memorization,1500,6,9,0,0.006558684632182121,False
mlp_p31_f35_wd0.3_seed12,mlp,12,memorization,1500,7,-2,0,0.006442389916628599,False
mlp_p31_f35_wd0.3_seed12,mlp,12,memorization,1500,8,2,0,0.006442389916628599,False
mlp_p31_f35_wd0.3_seed12,mlp,12,memorization,1500,9,0,-8,0.006441024132072926,False
mlp_p31_f35_wd0.3_seed12,mlp,12,memorization,1500,10,0,8,0.006441024132072926,False
mlp_p31_f35_wd0.3_seed12,mlp,12,memorization,1500,11,-7,0,0.006391448900103569,False
mlp_p31_f35_wd0.3_seed12,mlp,12,memorization,1500,12,7,0,0.006391448900103569,False
mlp_p31_f35_wd0.3_seed12,mlp,12,final,15000,1,-13,-13,0.022918125614523888,True
mlp_p31_f35_wd0.3_seed12,mlp,12,final,15000,2,13,13,0.022918125614523888,True
mlp_p31_f35_wd0.3_seed12,mlp,12,final,15000,3,-10,-10,0.02265048772096634,True
mlp_p31_f35_wd0.3_seed12,mlp,12,final,15000,4,10,10,0.02265048772096634,True
mlp_p31_f35_wd0.3_seed12,mlp,12,final,15000,5,-1,-1,0.022459162399172783,True
mlp_p31_f35_wd0.3_seed12,mlp,12,final,15000,6,1,1,0.022459160536527634,True
mlp_p31_f35_wd0.3_seed12,mlp,12,final,15000,7,-8,-8,0.02100519835948944,True
mlp_p31_f35_wd0.3_seed12,mlp,12,final,15000,8,8,8,0.02100519835948944,True
mlp_p31_f35_wd0.3_seed12,mlp,12,final,15000,9,-14,-14,0.020138634368777275,True
mlp_p31_f35_wd0.3_seed12,mlp,12,final,15000,10,14,14,0.020138634368777275,True
mlp_p31_f35_wd0.3_seed12,mlp,12,final,15000,11,-6,-6,0.020022999495267868,True
mlp_p31_f35_wd0.3_seed12,mlp,12,final,15000,12,6,6,0.020022999495267868,True
mlp_p31_f35_wd0.3_seed13,mlp,13,memorization,1500,1,-14,0,0.007925983518362045,False
mlp_p31_f35_wd0.3_seed13,mlp,13,memorization,1500,2,14,0,0.007925983518362045,False
mlp_p31_f35_wd0.3_seed13,mlp,13,memorization,1500,3,-3,0,0.007681174669414759,False
mlp_p31_f35_wd0.3_seed13,mlp,13,memorization,1500,4,3,0,0.007681174669414759,False
mlp_p31_f35_wd0.3_seed13,mlp,13,memorization,1500,5,0,-8,0.007550786715000868,False
mlp_p31_f35_wd0.3_seed13,mlp,13,memorization,1500,6,0,8,0.007550786715000868,False
mlp_p31_f35_wd0.3_seed13,mlp,13,memorization,1500,7,0,-2,0.006925495341420174,False
mlp_p31_f35_wd0.3_seed13,mlp,13,memorization,1500,8,0,2,0.006925495341420174,False
mlp_p31_f35_wd0.3_seed13,mlp,13,memorization,1500,9,-1,0,0.006773543544113636,False
mlp_p31_f35_wd0.3_seed13,mlp,13,memorization,1500,10,1,0,0.006773543544113636,False
mlp_p31_f35_wd0.3_seed13,mlp,13,memorization,1500,11,0,-3,0.00660314504057169,False
mlp_p31_f35_wd0.3_seed13,mlp,13,memorization,1500,12,0,3,0.00660314504057169,False
mlp_p31_f35_wd0.3_seed13,mlp,13,final,15000,1,-5,-5,0.02301996387541294,True
mlp_p31_f35_wd0.3_seed13,mlp,13,final,15000,2,5,5,0.02301996387541294,True
mlp_p31_f35_wd0.3_seed13,mlp,13,final,15000,3,-13,-13,0.020892227068543434,True
mlp_p31_f35_wd0.3_seed13,mlp,13,final,15000,4,13,13,0.020892227068543434,True
mlp_p31_f35_wd0.3_seed13,mlp,13,final,15000,5,-3,-3,0.02038685791194439,True
mlp_p31_f35_wd0.3_seed13,mlp,13,final,15000,6,3,3,0.02038685791194439,True
mlp_p31_f35_wd0.3_seed13,mlp,13,final,15000,7,-10,-10,0.02024191990494728,True
mlp_p31_f35_wd0.3_seed13,mlp,13,final,15000,8,10,10,0.02024191990494728,True
mlp_p31_f35_wd0.3_seed13,mlp,13,final,15000,9,-12,-12,0.019889147952198982,True
mlp_p31_f35_wd0.3_seed13,mlp,13,final,15000,10,12,12,0.019889147952198982,True
mlp_p31_f35_wd0.3_seed13,mlp,13,final,15000,11,-14,-14,0.01988481730222702,True
mlp_p31_f35_wd0.3_seed13,mlp,13,final,15000,12,14,14,0.01988481730222702,True
mlp_p31_f35_wd0.3_seed14,mlp,14,memorization,1400,1,0,-5,0.009062374010682106,False
mlp_p31_f35_wd0.3_seed14,mlp,14,memorization,1400,2,0,5,0.009062374010682106,False
mlp_p31_f35_wd0.3_seed14,mlp,14,memorization,1400,3,0,-4,0.008968275971710682,False
mlp_p31_f35_wd0.3_seed14,mlp,14,memorization,1400,4,0,4,0.008968275971710682,False
mlp_p31_f35_wd0.3_seed14,mlp,14,memorization,1400,5,0,-8,0.00776229752227664,False
mlp_p31_f35_wd0.3_seed14,mlp,14,memorization,1400,6,0,8,0.00776229752227664,False
mlp_p31_f35_wd0.3_seed14,mlp,14,memorization,1400,7,-8,0,0.007741487119346857,False
mlp_p31_f35_wd0.3_seed14,mlp,14,memorization,1400,8,8,0,0.007741487119346857,False
mlp_p31_f35_wd0.3_seed14,mlp,14,memorization,1400,9,0,-7,0.007402005139738321,False
mlp_p31_f35_wd0.3_seed14,mlp,14,memorization,1400,10,0,7,0.007402005139738321,False
mlp_p31_f35_wd0.3_seed14,mlp,14,memorization,1400,11,-12,0,0.007102259900420904,False
mlp_p31_f35_wd0.3_seed14,mlp,14,memorization,1400,12,12,0,0.007102259900420904,False
mlp_p31_f35_wd0.3_seed14,mlp,14,final,15000,1,-4,-4,0.022026969119906425,True
mlp_p31_f35_wd0.3_seed14,mlp,14,final,15000,2,4,4,0.022026969119906425,True
mlp_p31_f35_wd0.3_seed14,mlp,14,final,15000,3,-8,-8,0.020583556964993477,True
mlp_p31_f35_wd0.3_seed14,mlp,14,final,15000,4,8,8,0.020583556964993477,True
mlp_p31_f35_wd0.3_seed14,mlp,14,final,15000,5,-14,-14,0.020292766392230988,True
mlp_p31_f35_wd0.3_seed14,mlp,14,final,15000,6,14,14,0.020292766392230988,True
mlp_p31_f35_wd0.3_seed14,mlp,14,final,15000,7,-1,-1,0.01773080974817276,True
mlp_p31_f35_wd0.3_seed14,mlp,14,final,15000,8,1,1,0.01773080974817276,True
mlp_p31_f35_wd0.3_seed14,mlp,14,final,15000,9,-10,-10,0.016985736787319183,True
mlp_p31_f35_wd0.3_seed14,mlp,14,final,15000,10,10,10,0.016985736787319183,True
mlp_p31_f35_wd0.3_seed14,mlp,14,final,15000,11,-3,-3,0.016123630106449127,True
mlp_p31_f35_wd0.3_seed14,mlp,14,final,15000,12,3,3,0.016123630106449127,True
kan_p31_f35_wd0.3_seed10,kan,10,memorization,1200,1,-12,-12,0.03085356019437313,True
kan_p31_f35_wd0.3_seed10,kan,10,memorization,1200,2,12,12,0.03085356019437313,True
kan_p31_f35_wd0.3_seed10,kan,10,memorization,1200,3,-15,-15,0.028879718855023384,True
kan_p31_f35_wd0.3_seed10,kan,10,memorization,1200,4,15,15,0.028879718855023384,True
kan_p31_f35_wd0.3_seed10,kan,10,memorization,1200,5,-14,-14,0.00694616325199604,True
kan_p31_f35_wd0.3_seed10,kan,10,memorization,1200,6,14,14,0.00694616325199604,True
kan_p31_f35_wd0.3_seed10,kan,10,memorization,1200,7,-15,0,0.004677549470216036,False
kan_p31_f35_wd0.3_seed10,kan,10,memorization,1200,8,15,0,0.004677549470216036,False
kan_p31_f35_wd0.3_seed10,kan,10,memorization,1200,9,0,-4,0.004398491233587265,False
kan_p31_f35_wd0.3_seed10,kan,10,memorization,1200,10,0,4,0.004398491233587265,False
kan_p31_f35_wd0.3_seed10,kan,10,memorization,1200,11,-4,0,0.004186371341347694,False
kan_p31_f35_wd0.3_seed10,kan,10,memorization,1200,12,4,0,0.004186371341347694,False
kan_p31_f35_wd0.3_seed10,kan,10,final,15000,1,-5,-5,0.027397936210036278,True
kan_p31_f35_wd0.3_seed10,kan,10,final,15000,2,5,5,0.027397936210036278,True
kan_p31_f35_wd0.3_seed10,kan,10,final,15000,3,-14,-14,0.027155783027410507,True
kan_p31_f35_wd0.3_seed10,kan,10,final,15000,4,14,14,0.027155783027410507,True
kan_p31_f35_wd0.3_seed10,kan,10,final,15000,5,-3,-3,0.026982400566339493,True
kan_p31_f35_wd0.3_seed10,kan,10,final,15000,6,3,3,0.026982400566339493,True
kan_p31_f35_wd0.3_seed10,kan,10,final,15000,7,-6,-6,0.026480793952941895,True
kan_p31_f35_wd0.3_seed10,kan,10,final,15000,8,6,6,0.026480793952941895,True
kan_p31_f35_wd0.3_seed10,kan,10,final,15000,9,-9,-9,0.02610148675739765,True
kan_p31_f35_wd0.3_seed10,kan,10,final,15000,10,9,9,0.02610148675739765,True
kan_p31_f35_wd0.3_seed10,kan,10,final,15000,11,-12,-12,0.026096653193235397,True
kan_p31_f35_wd0.3_seed10,kan,10,final,15000,12,12,12,0.026096653193235397,True
kan_p31_f35_wd0.3_seed11,kan,11,memorization,900,1,-10,-10,0.03725802153348923,True
kan_p31_f35_wd0.3_seed11,kan,11,memorization,900,2,10,10,0.03725802153348923,True
kan_p31_f35_wd0.3_seed11,kan,11,memorization,900,3,-14,-14,0.013571105897426605,True
kan_p31_f35_wd0.3_seed11,kan,11,memorization,900,4,14,14,0.013571105897426605,True
kan_p31_f35_wd0.3_seed11,kan,11,memorization,900,5,-3,-3,0.00587264820933342,True
kan_p31_f35_wd0.3_seed11,kan,11,memorization,900,6,3,3,0.00587264820933342,True
kan_p31_f35_wd0.3_seed11,kan,11,memorization,900,7,-7,0,0.005591403227299452,False
kan_p31_f35_wd0.3_seed11,kan,11,memorization,900,8,7,0,0.005591403227299452,False
kan_p31_f35_wd0.3_seed11,kan,11,memorization,900,9,0,-3,0.005384454037994146,False
kan_p31_f35_wd0.3_seed11,kan,11,memorization,900,10,0,3,0.005384454037994146,False
kan_p31_f35_wd0.3_seed11,kan,11,memorization,900,11,0,-14,0.004626799374818802,False
kan_p31_f35_wd0.3_seed11,kan,11,memorization,900,12,0,14,0.004626799374818802,False
kan_p31_f35_wd0.3_seed11,kan,11,generalization,4000,1,-12,-12,0.03126397356390953,True
kan_p31_f35_wd0.3_seed11,kan,11,generalization,4000,2,12,12,0.03126397356390953,True
kan_p31_f35_wd0.3_seed11,kan,11,generalization,4000,3,-14,-14,0.030737780034542084,True
kan_p31_f35_wd0.3_seed11,kan,11,generalization,4000,4,14,14,0.030737780034542084,True
kan_p31_f35_wd0.3_seed11,kan,11,generalization,4000,5,-8,-8,0.030636832118034363,True
kan_p31_f35_wd0.3_seed11,kan,11,generalization,4000,6,8,8,0.030636832118034363,True
kan_p31_f35_wd0.3_seed11,kan,11,generalization,4000,7,-9,-9,0.030519608408212662,True
kan_p31_f35_wd0.3_seed11,kan,11,generalization,4000,8,9,9,0.030519608408212662,True
kan_p31_f35_wd0.3_seed11,kan,11,generalization,4000,9,-2,-2,0.03045748546719551,True
kan_p31_f35_wd0.3_seed11,kan,11,generalization,4000,10,2,2,0.03045748546719551,True
kan_p31_f35_wd0.3_seed11,kan,11,generalization,4000,11,-5,-5,0.030387774109840393,True
kan_p31_f35_wd0.3_seed11,kan,11,generalization,4000,12,5,5,0.030387774109840393,True
kan_p31_f35_wd0.3_seed11,kan,11,final,15000,1,-9,-9,0.03307599574327469,True
kan_p31_f35_wd0.3_seed11,kan,11,final,15000,2,9,9,0.03307599574327469,True
kan_p31_f35_wd0.3_seed11,kan,11,final,15000,3,-12,-12,0.03294458985328674,True
kan_p31_f35_wd0.3_seed11,kan,11,final,15000,4,12,12,0.03294458985328674,True
kan_p31_f35_wd0.3_seed11,kan,11,final,15000,5,-8,-8,0.03294355794787407,True
kan_p31_f35_wd0.3_seed11,kan,11,final,15000,6,8,8,0.03294355794787407,True
kan_p31_f35_wd0.3_seed11,kan,11,final,15000,7,-5,-5,0.03292430192232132,True
kan_p31_f35_wd0.3_seed11,kan,11,final,15000,8,5,5,0.03292430192232132,True
kan_p31_f35_wd0.3_seed11,kan,11,final,15000,9,-4,-4,0.03287728875875473,True
kan_p31_f35_wd0.3_seed11,kan,11,final,15000,10,4,4,0.03287728875875473,True
kan_p31_f35_wd0.3_seed11,kan,11,final,15000,11,-7,-7,0.032822951674461365,True
kan_p31_f35_wd0.3_seed11,kan,11,final,15000,12,7,7,0.032822951674461365,True
kan_p31_f35_wd0.3_seed12,kan,12,memorization,1100,1,-9,-9,0.031422898173332214,True
kan_p31_f35_wd0.3_seed12,kan,12,memorization,1100,2,9,9,0.031422898173332214,True
kan_p31_f35_wd0.3_seed12,kan,12,memorization,1100,3,-15,-15,0.019106637686491013,True
kan_p31_f35_wd0.3_seed12,kan,12,memorization,1100,4,15,15,0.019106637686491013,True
kan_p31_f35_wd0.3_seed12,kan,12,memorization,1100,5,-8,-8,0.007995955646038055,True
kan_p31_f35_wd0.3_seed12,kan,12,memorization,1100,6,8,8,0.007995955646038055,True
kan_p31_f35_wd0.3_seed12,kan,12,memorization,1100,7,1,1,0.005212961696088314,True
kan_p31_f35_wd0.3_seed12,kan,12,memorization,1100,8,-1,-1,0.005212961230427027,True
kan_p31_f35_wd0.3_seed12,kan,12,memorization,1100,9,-7,-7,0.004908842500299215,True
kan_p31_f35_wd0.3_seed12,kan,12,memorization,1100,10,7,7,0.004908842500299215,True
kan_p31_f35_wd0.3_seed12,kan,12,memorization,1100,11,0,-2,0.0046137538738548756,False
kan_p31_f35_wd0.3_seed12,kan,12,memorization,1100,12,0,2,0.0046137538738548756,False
kan_p31_f35_wd0.3_seed12,kan,12,generalization,3600,1,-5,-5,0.030340949073433876,True
kan_p31_f35_wd0.3_seed12,kan,12,generalization,3600,2,5,5,0.030340949073433876,True
kan_p31_f35_wd0.3_seed12,kan,12,generalization,3600,3,-15,-15,0.02990313433110714,True
kan_p31_f35_wd0.3_seed12,kan,12,generalization,3600,4,15,15,0.02990313433110714,True
kan_p31_f35_wd0.3_seed12,kan,12,generalization,3600,5,-12,-12,0.029719341546297073,True
kan_p31_f35_wd0.3_seed12,kan,12,generalization,3600,6,12,12,0.029719341546297073,True
kan_p31_f35_wd0.3_seed12,kan,12,generalization,3600,7,-7,-7,0.029700564220547676,True
kan_p31_f35_wd0.3_seed12,kan,12,generalization,3600,8,7,7,0.029700564220547676,True
kan_p31_f35_wd0.3_seed12,kan,12,generalization,3600,9,-9,-9,0.029599450528621674,True
kan_p31_f35_wd0.3_seed12,kan,12,generalization,3600,10,9,9,0.029599450528621674,True
kan_p31_f35_wd0.3_seed12,kan,12,generalization,3600,11,-8,-8,0.029568038880825043,True
kan_p31_f35_wd0.3_seed12,kan,12,generalization,3600,12,8,8,0.029568038880825043,True
kan_p31_f35_wd0.3_seed12,kan,12,final,15000,1,-1,-1,0.03312382474541664,True
kan_p31_f35_wd0.3_seed12,kan,12,final,15000,2,1,1,0.03312382474541664,True
kan_p31_f35_wd0.3_seed12,kan,12,final,15000,3,-15,-15,0.033116355538368225,True
kan_p31_f35_wd0.3_seed12,kan,12,final,15000,4,15,15,0.033116355538368225,True
kan_p31_f35_wd0.3_seed12,kan,12,final,15000,5,-8,-8,0.03307623416185379,True
kan_p31_f35_wd0.3_seed12,kan,12,final,15000,6,8,8,0.03307623416185379,True
kan_p31_f35_wd0.3_seed12,kan,12,final,15000,7,-3,-3,0.033033404499292374,True
kan_p31_f35_wd0.3_seed12,kan,12,final,15000,8,3,3,0.033033404499292374,True
kan_p31_f35_wd0.3_seed12,kan,12,final,15000,9,-12,-12,0.03299133852124214,True
kan_p31_f35_wd0.3_seed12,kan,12,final,15000,10,12,12,0.03299133852124214,True
kan_p31_f35_wd0.3_seed12,kan,12,final,15000,11,-5,-5,0.03292813152074814,True
kan_p31_f35_wd0.3_seed12,kan,12,final,15000,12,5,5,0.03292813152074814,True
kan_p31_f35_wd0.3_seed13,kan,13,memorization,900,1,-3,-3,0.0409541018307209,True
kan_p31_f35_wd0.3_seed13,kan,13,memorization,900,2,3,3,0.0409541018307209,True
kan_p31_f35_wd0.3_seed13,kan,13,memorization,900,3,-5,-5,0.03788883611559868,True
kan_p31_f35_wd0.3_seed13,kan,13,memorization,900,4,5,5,0.03788883611559868,True
kan_p31_f35_wd0.3_seed13,kan,13,memorization,900,5,-14,-14,0.02042599394917488,True
kan_p31_f35_wd0.3_seed13,kan,13,memorization,900,6,14,14,0.02042599394917488,True
kan_p31_f35_wd0.3_seed13,kan,13,memorization,900,7,-5,0,0.005765954498201609,False
kan_p31_f35_wd0.3_seed13,kan,13,memorization,900,8,5,0,0.005765954498201609,False
kan_p31_f35_wd0.3_seed13,kan,13,memorization,900,9,-1,0,0.0053749121725559235,False
kan_p31_f35_wd0.3_seed13,kan,13,memorization,900,10,1,0,0.0053749121725559235,False
kan_p31_f35_wd0.3_seed13,kan,13,memorization,900,11,-6,-6,0.004796212539076805,True
kan_p31_f35_wd0.3_seed13,kan,13,memorization,900,12,6,6,0.004796212539076805,True
kan_p31_f35_wd0.3_seed13,kan,13,generalization,4600,1,-14,-14,0.031612005084753036,True
kan_p31_f35_wd0.3_seed13,kan,13,generalization,4600,2,14,14,0.031612005084753036,True
kan_p31_f35_wd0.3_seed13,kan,13,generalization,4600,3,-7,-7,0.03158201649785042,True
kan_p31_f35_wd0.3_seed13,kan,13,generalization,4600,4,7,7,0.03158201649785042,True
kan_p31_f35_wd0.3_seed13,kan,13,generalization,4600,5,-11,-11,0.03073381632566452,True
kan_p31_f35_wd0.3_seed13,kan,13,generalization,4600,6,11,11,0.03073381632566452,True
kan_p31_f35_wd0.3_seed13,kan,13,generalization,4600,7,-5,-5,0.03027946688234806,True
kan_p31_f35_wd0.3_seed13,kan,13,generalization,4600,8,5,5,0.03027946688234806,True
kan_p31_f35_wd0.3_seed13,kan,13,generalization,4600,9,-2,-2,0.03027091920375824,True
kan_p31_f35_wd0.3_seed13,kan,13,generalization,4600,10,2,2,0.03027091920375824,True
kan_p31_f35_wd0.3_seed13,kan,13,generalization,4600,11,-15,-15,0.030100945383310318,True
kan_p31_f35_wd0.3_seed13,kan,13,generalization,4600,12,15,15,0.030100945383310318,True
kan_p31_f35_wd0.3_seed13,kan,13,final,15000,1,-14,-14,0.033028341829776764,True
kan_p31_f35_wd0.3_seed13,kan,13,final,15000,2,14,14,0.033028341829776764,True
kan_p31_f35_wd0.3_seed13,kan,13,final,15000,3,-7,-7,0.032828252762556076,True
kan_p31_f35_wd0.3_seed13,kan,13,final,15000,4,7,7,0.032828252762556076,True
kan_p31_f35_wd0.3_seed13,kan,13,final,15000,5,-11,-11,0.03255549073219299,True
kan_p31_f35_wd0.3_seed13,kan,13,final,15000,6,11,11,0.03255549073219299,True
kan_p31_f35_wd0.3_seed13,kan,13,final,15000,7,-15,-15,0.0325552336871624,True
kan_p31_f35_wd0.3_seed13,kan,13,final,15000,8,15,15,0.0325552336871624,True
kan_p31_f35_wd0.3_seed13,kan,13,final,15000,9,-12,-12,0.0324576310813427,True
kan_p31_f35_wd0.3_seed13,kan,13,final,15000,10,12,12,0.0324576310813427,True
kan_p31_f35_wd0.3_seed13,kan,13,final,15000,11,-3,-3,0.032185956835746765,True
kan_p31_f35_wd0.3_seed13,kan,13,final,15000,12,3,3,0.032185956835746765,True
kan_p31_f35_wd0.3_seed14,kan,14,memorization,1100,1,-5,-5,0.029689127579331398,True
kan_p31_f35_wd0.3_seed14,kan,14,memorization,1100,2,5,5,0.029689127579331398,True
kan_p31_f35_wd0.3_seed14,kan,14,memorization,1100,3,-6,-6,0.02515207976102829,True
kan_p31_f35_wd0.3_seed14,kan,14,memorization,1100,4,6,6,0.02515207976102829,True
kan_p31_f35_wd0.3_seed14,kan,14,memorization,1100,5,-11,-11,0.0129086934030056,True
kan_p31_f35_wd0.3_seed14,kan,14,memorization,1100,6,11,11,0.0129086934030056,True
kan_p31_f35_wd0.3_seed14,kan,14,memorization,1100,7,-9,-9,0.005077683366835117,True
kan_p31_f35_wd0.3_seed14,kan,14,memorization,1100,8,9,9,0.005077683366835117,True
kan_p31_f35_wd0.3_seed14,kan,14,memorization,1100,9,-6,0,0.0048189787194132805,False
kan_p31_f35_wd0.3_seed14,kan,14,memorization,1100,10,6,0,0.0048189787194132805,False
kan_p31_f35_wd0.3_seed14,kan,14,memorization,1100,11,0,-11,0.004695278592407703,False
kan_p31_f35_wd0.3_seed14,kan,14,memorization,1100,12,0,11,0.004695278592407703,False
kan_p31_f35_wd0.3_seed14,kan,14,generalization,3400,1,-14,-14,0.02968587912619114,True
kan_p31_f35_wd0.3_seed14,kan,14,generalization,3400,2,14,14,0.02968587912619114,True
kan_p31_f35_wd0.3_seed14,kan,14,generalization,3400,3,-5,-5,0.029590625315904617,True
kan_p31_f35_wd0.3_seed14,kan,14,generalization,3400,4,5,5,0.029590625315904617,True
kan_p31_f35_wd0.3_seed14,kan,14,generalization,3400,5,-4,-4,0.029520444571971893,True
kan_p31_f35_wd0.3_seed14,kan,14,generalization,3400,6,4,4,0.029520444571971893,True
kan_p31_f35_wd0.3_seed14,kan,14,generalization,3400,7,-13,-13,0.0294647254049778,True
kan_p31_f35_wd0.3_seed14,kan,14,generalization,3400,8,13,13,0.0294647254049778,True
kan_p31_f35_wd0.3_seed14,kan,14,generalization,3400,9,-11,-11,0.029390592128038406,True
kan_p31_f35_wd0.3_seed14,kan,14,generalization,3400,10,11,11,0.029390592128038406,True
kan_p31_f35_wd0.3_seed14,kan,14,generalization,3400,11,-3,-3,0.02933589555323124,True
kan_p31_f35_wd0.3_seed14,kan,14,generalization,3400,12,3,3,0.02933589555323124,True
kan_p31_f35_wd0.3_seed14,kan,14,final,15000,1,-13,-13,0.032975804060697556,True
kan_p31_f35_wd0.3_seed14,kan,14,final,15000,2,13,13,0.032975804060697556,True
kan_p31_f35_wd0.3_seed14,kan,14,final,15000,3,-14,-14,0.03296876326203346,True
kan_p31_f35_wd0.3_seed14,kan,14,final,15000,4,14,14,0.03296876326203346,True
kan_p31_f35_wd0.3_seed14,kan,14,final,15000,5,-7,-7,0.03296126797795296,True
kan_p31_f35_wd0.3_seed14,kan,14,final,15000,6,7,7,0.03296126797795296,True
kan_p31_f35_wd0.3_seed14,kan,14,final,15000,7,-9,-9,0.03285970911383629,True
kan_p31_f35_wd0.3_seed14,kan,14,final,15000,8,9,9,0.03285970911383629,True
kan_p31_f35_wd0.3_seed14,kan,14,final,15000,9,-11,-11,0.03277066349983215,True
kan_p31_f35_wd0.3_seed14,kan,14,final,15000,10,11,11,0.03277066349983215,True
kan_p31_f35_wd0.3_seed14,kan,14,final,15000,11,-15,-15,0.03266099840402603,True
kan_p31_f35_wd0.3_seed14,kan,14,final,15000,12,15,15,0.03266099840402603,True
