run,model,p,train_fraction,train_fraction_realized,weight_decay,seed,parameters,max_steps,dynamics,is_classical_grokking,memorization_step,generalization_step,generalization_delay,test_accuracy_at_memorization,accuracy_gap_at_memorization,plateau_duration_steps,final_train_accuracy,final_test_accuracy,censored,observed_or_censor_delay
mlp_p31_f35_wd0.1_seed10,mlp,31,0.35,0.34963579604578565,0.1,10,11904,15000,memorized_not_generalized,False,1400,,,0.00800000037997961,0.9860476413741708,13600,1.0,0.12479999661445618,True,13600
mlp_p31_f35_wd0.1_seed11,mlp,31,0.35,0.34963579604578565,0.1,11,11904,15000,memorized_not_generalized,False,1500,,,0.006399999838322401,0.9846714031882584,13500,1.0,0.15199999511241913,True,13500
mlp_p31_f35_wd0.1_seed12,mlp,31,0.35,0.34963579604578565,0.1,12,11904,15000,memorized_not_generalized,False,1300,,,0.009600000455975533,0.9814714025706053,13700,1.0,0.10239999741315842,True,13700
mlp_p31_f35_wd0.1_seed13,mlp,31,0.35,0.34963579604578565,0.1,13,11904,15000,memorized_not_generalized,False,1300,,,0.004800000227987766,0.986271402798593,13700,1.0,0.08640000224113464,True,13700
mlp_p31_f35_wd0.1_seed14,mlp,31,0.35,0.34963579604578565,0.1,14,11904,15000,memorized_not_generalized,False,1300,,,0.004800000227987766,0.9892476415261626,13700,1.0,0.09759999811649323,True,13700
mlp_p31_f35_wd0.3_seed10,mlp,31,0.35,0.34963579604578565,0.3,10,11904,15000,memorized_not_generalized,False,1500,,,0.006399999838322401,0.9846714031882584,13500,1.0,0.8256000280380249,True,13500
mlp_p31_f35_wd0.3_seed11,mlp,31,0.35,0.34963579604578565,0.3,11,11904,15000,memorized_not_generalized,False,1600,,,0.006399999838322401,0.987647641915828,12100,1.0,0.9312000274658203,True,13400
mlp_p31_f35_wd0.3_seed12,mlp,31,0.35,0.34963579604578565,0.3,12,11904,15000,memorized_not_generalized,False,1500,,,0.009600000455975533,0.9814714025706053,12500,1.0,0.9344000220298767,True,13500
mlp_p31_f35_wd0.3_seed13,mlp,31,0.35,0.34963579604578565,0.3,13,11904,15000,memorized_not_generalized,False,1500,,,0.009600000455975533,0.9814714025706053,13400,1.0,0.9103999733924866,True,13500
mlp_p31_f35_wd0.3_seed14,mlp,31,0.35,0.34963579604578565,0.3,14,11904,15000,memorized_not_generalized,False,1400,,,0.0031999999191612005,0.9908476418349892,13600,1.0,0.8064000010490417,True,13600
kan_p31_f35_wd0.1_seed10,kan,31,0.35,0.34963579604578565,0.1,10,11718,15000,classical_grokking,True,900,8200,7300,0.01759999990463257,0.9734714031219482,5600,1.0,0.9919999837875366,False,7300
kan_p31_f35_wd0.1_seed11,kan,31,0.35,0.34963579604578565,0.1,11,11718,15000,classical_grokking,True,800,4400,3600,0.025599999353289604,0.9654714036732912,2200,1.0,0.9983999729156494,False,3600
kan_p31_f35_wd0.1_seed12,kan,31,0.35,0.34963579604578565,0.1,12,11718,15000,memorized_not_generalized,False,1100,,,0.03680000081658363,0.9602238200604916,11400,1.0,0.9232000112533569,True,13900
kan_p31_f35_wd0.1_seed13,kan,31,0.35,0.34963579604578565,0.1,13,11718,15000,classical_grokking,True,900,4700,3800,0.07999999821186066,0.9140476435422897,2500,1.0,1.0,False,3800
kan_p31_f35_wd0.1_seed14,kan,31,0.35,0.34963579604578565,0.1,14,11718,15000,classical_grokking,True,1100,6500,5400,0.04479999840259552,0.9462714046239853,2400,1.0,1.0,False,5400
kan_p31_f35_wd0.3_seed10,kan,31,0.35,0.34963579604578565,0.3,10,11718,15000,memorized_not_generalized,False,1200,,,0.06880000233650208,0.9252476394176483,4300,1.0,0.9760000109672546,True,13800
kan_p31_f35_wd0.3_seed11,kan,31,0.35,0.34963579604578565,0.3,11,11718,15000,classical_grokking,True,900,4000,3100,0.04960000142455101,0.9444476403295994,2200,1.0,1.0,False,3100
kan_p31_f35_wd0.3_seed12,kan,31,0.35,0.34963579604578565,0.3,12,11718,15000,classical_grokking,True,1100,3600,2500,0.05920000001788139,0.9378238208591938,1600,1.0,1.0,False,2500
kan_p31_f35_wd0.3_seed13,kan,31,0.35,0.34963579604578565,0.3,13,11718,15000,classical_grokking,True,900,4600,3700,0.10080000013113022,0.8902714028954506,2400,1.0,1.0,False,3700
kan_p31_f35_wd0.3_seed14,kan,31,0.35,0.34963579604578565,0.3,14,11718,15000,classical_grokking,True,1100,3400,2300,0.08160000294446945,0.9154238179326057,1600,1.0,1.0,False,2300
mlp_p31_f50_wd0.1_seed10,mlp,31,0.5,0.4994797086368366,0.1,10,11904,15000,classical_grokking,True,1700,6800,5100,0.008316008374094963,0.9833506662398577,4000,1.0,1.0,False,5100
mlp_p31_f50_wd0.1_seed11,mlp,31,0.5,0.4994797086368366,0.1,11,11904,15000,classical_grokking,True,1700,6200,4500,0.008316008374094963,0.9833506662398577,3600,1.0,1.0,False,4500
mlp_p31_f50_wd0.1_seed12,mlp,31,0.5,0.4994797086368366,0.1,12,11904,15000,classical_grokking,True,1600,7100,5500,0.012474012561142445,0.9791926620528102,4200,1.0,1.0,False,5500
mlp_p31_f50_wd0.1_seed13,mlp,31,0.5,0.4994797086368366,0.1,13,11904,15000,classical_grokking,True,1600,7300,5700,0.012474012561142445,0.9812759635969996,4500,1.0,1.0,False,5700
mlp_p31_f50_wd0.1_seed14,mlp,31,0.5,0.4994797086368366,0.1,14,11904,15000,classical_grokking,True,1600,6200,4600,0.006237006280571222,0.9854296683333814,3700,1.0,1.0,False,4600
mlp_p31_f50_wd0.3_seed10,mlp,31,0.5,0.4994797086368366,0.3,10,11904,15000,classical_grokking,True,1900,7400,5500,0.018711019307374954,0.9750389568507671,3800,1.0,1.0,False,5500
mlp_p31_f50_wd0.3_seed11,mlp,31,0.5,0.4994797086368366,0.3,11,11904,15000,classical_grokking,True,1800,6800,5000,0.014553014189004898,0.9791969619691372,3500,1.0,1.0,False,5000
mlp_p31_f50_wd0.3_seed12,mlp,31,0.5,0.4994797086368366,0.3,12,11904,15000,classical_grokking,True,1800,7600,5800,0.010395010001957417,0.9854383273050189,4300,1.0,1.0,False,5800
mlp_p31_f50_wd0.3_seed13,mlp,31,0.5,0.4994797086368366,0.3,13,11904,15000,classical_grokking,True,1700,7000,5300,0.014553014189004898,0.9833636246621609,4100,1.0,1.0,False,5300
mlp_p31_f50_wd0.3_seed14,mlp,31,0.5,0.4994797086368366,0.3,14,11904,15000,classical_grokking,True,1800,6700,4900,0.010395010001957417,0.9812716646119952,4000,1.0,1.0,False,4900
kan_p31_f50_wd0.1_seed10,kan,31,0.5,0.4994797086368366,0.1,10,11718,15000,weak_delayed_generalization,False,900,1300,400,0.7941787838935852,0.2058212161064148,100,1.0,1.0,False,400
kan_p31_f50_wd0.1_seed11,kan,31,0.5,0.4994797086368366,0.1,11,11718,15000,weak_delayed_generalization,False,800,1800,1000,0.6652806401252747,0.3326359987258911,200,1.0,1.0,False,1000
kan_p31_f50_wd0.1_seed12,kan,31,0.5,0.4994797086368366,0.1,12,11718,15000,weak_delayed_generalization,False,600,800,200,0.5467775464057922,0.4490557909011841,100,1.0,1.0,False,200
kan_p31_f50_wd0.1_seed13,kan,31,0.5,0.4994797086368366,0.1,13,11718,15000,weak_delayed_generalization,False,800,1400,600,0.8482328653335571,0.15176713466644287,100,1.0,1.0,False,600
kan_p31_f50_wd0.1_seed14,kan,31,0.5,0.4994797086368366,0.1,14,11718,15000,joint_generalization,False,800,1100,300,0.9022868871688843,0.09771311283111572,0,1.0,0.9937629699707031,False,300
kan_p31_f50_wd0.3_seed10,kan,31,0.5,0.4994797086368366,0.3,10,11718,15000,weak_delayed_generalization,False,800,1500,700,0.6611226797103882,0.3367939591407776,200,1.0,1.0,False,700
kan_p31_f50_wd0.3_seed11,kan,31,0.5,0.4994797086368366,0.3,11,11718,15000,weak_delayed_generalization,False,800,1400,600,0.6174635887145996,0.3783697485923767,300,1.0,1.0,False,600
kan_p31_f50_wd0.3_seed12,kan,31,0.5,0.4994797086368366,0.3,12,11718,15000,joint_generalization,False,700,800,100,0.9667359590530396,0.03326404094696045,0,1.0,1.0,False,100
kan_p31_f50_wd0.3_seed13,kan,31,0.5,0.4994797086368366,0.3,13,11718,15000,joint_generalization,False,800,1000,200,0.9002078771591187,0.09979212284088135,0,1.0,1.0,False,200
kan_p31_f50_wd0.3_seed14,kan,31,0.5,0.4994797086368366,0.3,14,11718,15000,joint_generalization,False,800,900,100,0.9106029272079468,0.087313711643219,0,1.0,1.0,False,100
mlp_p53_f30_wd0.1_seed10,mlp,53,0.3,0.30010679957280173,0.1,10,20352,20000,classical_grokking,True,2200,12500,10300,0.011698881164193153,0.9823699202388525,8900,1.0,1.0,False,10300
mlp_p53_f30_wd0.1_seed11,mlp,53,0.3,0.30010679957280173,0.1,11,20352,20000,classical_grokking,True,2000,11600,9600,0.006612410768866539,0.9862701389938593,8600,1.0,1.0,False,9600
mlp_p53_f30_wd0.1_seed12,mlp,53,0.3,0.30010679957280173,0.1,12,20352,20000,classical_grokking,True,2000,11600,9600,0.006612410768866539,0.9862701389938593,8500,1.0,1.0,False,9600
mlp_p53_f30_wd0.1_seed13,mlp,53,0.3,0.30010679957280173,0.1,13,20352,20000,classical_grokking,True,2100,13400,11300,0.008138352073729038,0.983557946048677,9700,1.0,1.0,False,11300
mlp_p53_f30_wd0.1_seed14,mlp,53,0.3,0.30010679957280173,0.1,14,20352,20000,classical_grokking,True,2000,12800,10800,0.007629705127328634,0.9840665929950774,9500,1.0,1.0,False,10800
mlp_p53_f30_wd0.3_seed10,mlp,53,0.3,0.30010679957280173,0.3,10,20352,20000,classical_grokking,True,2400,15900,13500,0.009155645966529846,0.983726903796196,10300,1.0,1.0,False,13500
mlp_p53_f30_wd0.3_seed11,mlp,53,0.3,0.30010679957280173,0.3,11,20352,20000,classical_grokking,True,2100,14400,12300,0.009664293378591537,0.9820320047438145,9700,1.0,1.0,False,12300
mlp_p53_f30_wd0.3_seed12,mlp,53,0.3,0.30010679957280173,0.3,12,20352,20000,classical_grokking,True,2100,14300,12200,0.010681587271392345,0.9822009624913335,9700,1.0,1.0,False,12200
mlp_p53_f30_wd0.3_seed13,mlp,53,0.3,0.30010679957280173,0.3,13,20352,20000,classical_grokking,True,2000,16200,14200,0.008646998554468155,0.9830492995679379,10900,1.0,0.9989827275276184,False,14200
mlp_p53_f30_wd0.3_seed14,mlp,53,0.3,0.30010679957280173,0.3,14,20352,20000,classical_grokking,True,2000,15400,13400,0.009155645966529846,0.9813544601202011,10200,1.0,0.9994913339614868,False,13400
kan_p53_f30_wd0.1_seed10,kan,53,0.3,0.30010679957280173,0.1,10,20034,20000,weak_delayed_generalization,False,2000,4900,2900,0.5549339056015015,0.4355762004852295,1700,1.0,0.9974567890167236,False,2900
kan_p53_f30_wd0.1_seed11,kan,53,0.3,0.30010679957280173,0.1,11,20034,20000,weak_delayed_generalization,False,1600,6700,5100,0.5732451677322388,0.41963738203048706,1300,1.0,0.9954221844673157,False,5100
kan_p53_f30_wd0.1_seed12,kan,53,0.3,0.30010679957280173,0.1,12,20034,20000,weak_delayed_generalization,False,1600,5400,3800,0.6851475238800049,0.3112937808036804,1400,1.0,0.9908443689346313,False,3800
kan_p53_f30_wd0.1_seed13,kan,53,0.3,0.30010679957280173,0.1,13,20034,20000,weak_delayed_generalization,False,2400,6300,3900,0.5534079074859619,0.44066089391708374,2100,1.0,0.9994913339614868,False,3900
kan_p53_f30_wd0.1_seed14,kan,53,0.3,0.30010679957280173,0.1,14,20034,20000,weak_delayed_generalization,False,2000,6700,4700,0.6408952474594116,0.35435980558395386,1400,1.0,1.0,False,4700
kan_p53_f30_wd0.3_seed10,kan,53,0.3,0.30010679957280173,0.3,10,20034,20000,weak_delayed_generalization,False,1900,4500,2600,0.4888097643852234,0.5040727853775024,1100,1.0,0.9989827275276184,False,2600
kan_p53_f30_wd0.3_seed11,kan,53,0.3,0.30010679957280173,0.3,11,20034,20000,weak_delayed_generalization,False,1500,4100,2600,0.561546266078949,0.43133628368377686,1400,1.0,1.0,False,2600
kan_p53_f30_wd0.3_seed12,kan,53,0.3,0.30010679957280173,0.3,12,20034,20000,weak_delayed_generalization,False,1400,3500,2100,0.5427263379096985,0.4489699602127075,1000,1.0,0.9974567890167236,False,2100
kan_p53_f30_wd0.3_seed13,kan,53,0.3,0.30010679957280173,0.3,13,20034,20000,weak_delayed_generalization,False,2100,4700,2600,0.5661240816116333,0.42675846815109253,900,1.0,1.0,False,2600
kan_p53_f30_wd0.3_seed14,kan,53,0.3,0.30010679957280173,0.3,14,20034,20000,weak_delayed_generalization,False,2000,4200,2200,0.6627670526504517,0.33011549711227417,800,1.0,0.9974567890167236,False,2200
mlp_p53_f35_wd0.1_seed10,mlp,53,0.35,0.34994660021359913,0.1,10,20352,20000,classical_grokking,True,2300,8300,6000,0.00876232236623764,0.9830993190407753,5000,1.0,1.0,False,6000
mlp_p53_f35_wd0.1_seed11,mlp,53,0.35,0.34994660021359913,0.1,11,20352,20000,classical_grokking,True,2300,8700,6400,0.00876232236623764,0.9820820465683937,5500,1.0,1.0,False,6400
mlp_p53_f35_wd0.1_seed12,mlp,53,0.35,0.34994660021359913,0.1,12,20352,20000,classical_grokking,True,2300,8000,5700,0.01588170789182186,0.9759799335151911,4800,1.0,1.0,False,5700
mlp_p53_f35_wd0.1_seed13,mlp,53,0.35,0.34994660021359913,0.1,13,20352,20000,classical_grokking,True,2300,8500,6200,0.00876232236623764,0.9830993190407753,5300,1.0,1.0,False,6200
mlp_p53_f35_wd0.1_seed14,mlp,53,0.35,0.34994660021359913,0.1,14,20352,20000,classical_grokking,True,2200,8900,6700,0.009309967048466206,0.9815344018861651,5900,1.0,1.0,False,6700
mlp_p53_f35_wd0.3_seed10,mlp,53,0.35,0.34994660021359913,0.3,10,20352,20000,classical_grokking,True,2800,9600,6800,0.02245344966650009,0.9683909192681313,5100,1.0,1.0,False,6800
mlp_p53_f35_wd0.3_seed11,mlp,53,0.35,0.34994660021359913,0.3,11,20352,20000,classical_grokking,True,2900,10100,7200,0.026286965236067772,0.9676092807203531,5600,1.0,1.0,False,7200
mlp_p53_f35_wd0.3_seed12,mlp,53,0.35,0.34994660021359913,0.3,12,20352,20000,classical_grokking,True,2400,9600,7200,0.01752464473247528,0.9743369966745377,5600,1.0,1.0,False,7200
mlp_p53_f35_wd0.3_seed13,mlp,53,0.35,0.34994660021359913,0.3,13,20352,20000,classical_grokking,True,2600,10300,7700,0.013691128231585026,0.9791877856478095,5700,1.0,1.0,False,7700
mlp_p53_f35_wd0.3_seed14,mlp,53,0.35,0.34994660021359913,0.3,14,20352,20000,classical_grokking,True,2400,9500,7100,0.015334063209593296,0.9785621827468276,5600,1.0,1.0,False,7100
kan_p53_f35_wd0.1_seed10,kan,53,0.35,0.34994660021359913,0.1,10,20034,20000,weak_delayed_generalization,False,1500,3500,2000,0.773822546005249,0.22007369995117188,400,1.0,0.9978094100952148,False,2000
kan_p53_f35_wd0.1_seed11,kan,53,0.35,0.34994660021359913,0.1,11,20034,20000,weak_delayed_generalization,False,1300,5000,3700,0.7250821590423584,0.27186596393585205,300,1.0,0.9994523525238037,False,3700
kan_p53_f35_wd0.1_seed12,kan,53,0.35,0.34994660021359913,0.1,12,20034,20000,weak_delayed_generalization,False,1700,4300,2600,0.6549835801124573,0.33687806129455566,700,1.0,0.9994523525238037,False,2600
kan_p53_f35_wd0.1_seed13,kan,53,0.35,0.34994660021359913,0.1,13,20034,20000,weak_delayed_generalization,False,1400,3500,2100,0.7809419631958008,0.2139715552330017,300,1.0,0.9978094100952148,False,2100
kan_p53_f35_wd0.1_seed14,kan,53,0.35,0.34994660021359913,0.1,14,20034,20000,weak_delayed_generalization,False,1500,3800,2300,0.7141292691230774,0.28383612632751465,500,1.0,0.9967141151428223,False,2300
kan_p53_f35_wd0.3_seed10,kan,53,0.35,0.34994660021359913,0.3,10,20034,20000,weak_delayed_generalization,False,1500,3000,1500,0.7437020540237427,0.2522287964820862,400,1.0,1.0,False,1500
kan_p53_f35_wd0.3_seed11,kan,53,0.35,0.34994660021359913,0.3,11,20034,20000,weak_delayed_generalization,False,1500,2800,1300,0.6686747074127197,0.3231869339942932,600,1.0,0.9950711727142334,False,1300
kan_p53_f35_wd0.3_seed12,kan,53,0.35,0.34994660021359913,0.3,12,20034,20000,weak_delayed_generalization,False,1800,3400,1600,0.669222354888916,0.3236565589904785,400,1.0,0.9989047050476074,False,1600
kan_p53_f35_wd0.3_seed13,kan,53,0.35,0.34994660021359913,0.3,13,20034,20000,weak_delayed_generalization,False,1400,3200,1800,0.8242059350013733,0.17375946044921875,200,1.0,1.0,False,1800
kan_p53_f35_wd0.3_seed14,kan,53,0.35,0.34994660021359913,0.3,14,20034,20000,weak_delayed_generalization,False,1500,3300,1800,0.6818181872367859,0.312078058719635,400,1.0,0.9983570575714111,False,1800
